AWS,TNB,BRK,PON,HOT,DFG,DGR,PPP,GRS,VVV,FKA,BYE
AWS,TNB,BRK,PON,HOT,DFG,PPP,GRS,FKA,DGR,VVV,BYE
AWS,TNB,BRK,PON,HOT,DFG,FKA,PPP,GRS,VVV,DGR,BYE
AWS,TNB,BRK,HOT,DFG,DGR,PON,PPP,GRS,VVV,FKA,BYE
AWS,TNB,BRK,HOT,DFG,PON,PPP,GRS,VVV,DGR,FKA,BYE
AWS,TNB,BRK,HOT,DFG,FKA,PON,PPP,GRS,VVV,DGR,BYE
AWS,TNB,BRK,HOT,DFG,VVV,DGR,PPP,PON,GRS,FKA,BYE
AWS,TNB,BRK,HOT,DFG,VVV,PPP,GRS,PON,DGR,FKA,BYE
AWS,TNB,BRK,HOT,DFG,VVV,FKA,PPP,GRS,PON,DGR,BYE
AWS,TNB,BRK,PON,HOT,DFG,DGR,PPP,GRS,VVV,FKA,BYE
AWS,BRK,TNB,PON,HOT,DFG,PPP,GRS,FKA,DGR,VVV,BYE
AWS,BRK,TNB,PON,HOT,DFG,FKA,PPP,GRS,VVV,DGR,BYE
AWS,TNB,BRK,HOT,DFG,DGR,PON,PPP,GRS,VVV,FKA,BYE
AWS,BRK,TNB,HOT,DFG,PON,PPP,GRS,VVV,FKA,DGR,BYE
AWS,BRK,TNB,HOT,DFG,FKA,PON,PPP,GRS,VVV,DGR,BYE
AWS,TNB,BRK,HOT,DFG,VVV,DGR,PPP,PON,GRS,FKA,BYE
AWS,TNB,BRK,HOT,DFG,VVV,PPP,GRS,PON,DGR,FKA,BYE
AWS,BRK,TNB,HOT,DFG,VVV,FKA,PPP,GRS,PON,DGR,BYE
AWS,BRK,TNB,PON,DFG,HOT,DGR,PPP,GRS,VVV,FKA,BYE
BRK,AWS,TNB,PON,DFG,HOT,PPP,GRS,FKA,DGR,VVV,BYE
BRK,AWS,TNB,PON,DFG,HOT,FKA,PPP,GRS,VVV,DGR,BYE
AWS,BRK,TNB,HOT,DFG,PON,DGR,PPP,GRS,VVV,FKA,BYE
BRK,AWS,TNB,HOT,DFG,PON,PPP,GRS,VVV,FKA,DGR,BYE
BRK,AWS,TNB,HOT,DFG,FKA,PON,PPP,GRS,VVV,DGR,BYE
AWS,BRK,TNB,HOT,DFG,VVV,DGR,PPP,GRS,PON,FKA,BYE
AWS,BRK,TNB,HOT,DFG,VVV,PPP,GRS,PON,FKA,DGR,BYE
BRK,AWS,TNB,HOT,DFG,VVV,FKA,GRS,PPP,PON,DGR,BYE
AWS,BRK,PON,DFG,HOT,TNB,GRS,DGR,PPP,VVV,FKA,BYE
AWS,BRK,PON,DFG,HOT,TNB,GRS,PPP,FKA,DGR,VVV,BYE
AWS,BRK,PON,DFG,HOT,TNB,FKA,GRS,PPP,VVV,DGR,BYE
AWS,BRK,HOT,DFG,TNB,PON,GRS,DGR,PPP,VVV,FKA,BYE
AWS,BRK,HOT,DFG,TNB,PON,GRS,PPP,FKA,VVV,DGR,BYE
AWS,BRK,HOT,DFG,TNB,FKA,GRS,PON,PPP,VVV,DGR,BYE
AWS,BRK,HOT,TNB,DFG,VVV,DGR,GRS,PPP,PON,FKA,BYE
AWS,BRK,HOT,DFG,TNB,VVV,GRS,PPP,PON,FKA,DGR,BYE
AWS,BRK,HOT,DFG,TNB,VVV,FKA,GRS,PPP,PON,DGR,BYE
AWS,BRK,PON,HOT,DFG,TNB,GRS,DGR,PPP,VVV,FKA,BYE
AWS,BRK,PON,DFG,HOT,TNB,GRS,PPP,FKA,DGR,VVV,BYE
AWS,BRK,PON,HOT,DFG,TNB,FKA,GRS,PPP,VVV,DGR,BYE
AWS,BRK,HOT,DFG,TNB,PON,GRS,DGR,PPP,VVV,FKA,BYE
AWS,BRK,HOT,DFG,TNB,PON,GRS,PPP,FKA,VVV,DGR,BYE
AWS,BRK,HOT,DFG,TNB,FKA,GRS,PON,PPP,VVV,DGR,BYE
AWS,BRK,HOT,TNB,DFG,VVV,DGR,GRS,PPP,PON,FKA,BYE
AWS,BRK,HOT,DFG,TNB,VVV,GRS,PPP,PON,FKA,DGR,BYE
AWS,BRK,HOT,DFG,TNB,VVV,FKA,GRS,PPP,PON,DGR,BYE
BRK,AWS,PON,DFG,HOT,TNB,GRS,DGR,PPP,VVV,FKA,BYE
BRK,AWS,PON,DFG,HOT,TNB,GRS,PPP,FKA,DGR,VVV,BYE
BRK,AWS,PON,DFG,HOT,TNB,FKA,GRS,PPP,VVV,DGR,BYE
BRK,AWS,HOT,DFG,TNB,PON,GRS,DGR,PPP,VVV,FKA,BYE
BRK,AWS,HOT,DFG,TNB,GRS,PON,PPP,FKA,VVV,DGR,BYE
BRK,AWS,HOT,DFG,TNB,FKA,GRS,PON,PPP,VVV,DGR,BYE
AWS,BRK,HOT,TNB,DFG,VVV,GRS,DGR,PPP,PON,FKA,BYE
BRK,AWS,HOT,DFG,TNB,VVV,GRS,PPP,PON,FKA,DGR,BYE
BRK,AWS,HOT,DFG,TNB,GRS,FKA,VVV,PPP,PON,DGR,BYE
AWS,BRK,PON,GRS,DFG,HOT,TNB,DGR,PPP,FKA,VVV,BYE
AWS,BRK,PON,GRS,DFG,HOT,TNB,PPP,FKA,DGR,VVV,BYE
AWS,BRK,GRS,PON,DFG,HOT,FKA,TNB,PPP,VVV,DGR,BYE
AWS,BRK,GRS,HOT,DFG,TNB,PON,DGR,PPP,VVV,FKA,BYE
AWS,BRK,GRS,HOT,DFG,PON,TNB,PPP,FKA,VVV,DGR,BYE
AWS,BRK,GRS,HOT,DFG,FKA,PON,TNB,PPP,VVV,DGR,BYE
AWS,BRK,GRS,HOT,DFG,VVV,TNB,DGR,PPP,PON,FKA,BYE
AWS,BRK,GRS,HOT,DFG,VVV,TNB,PPP,PON,FKA,DGR,BYE
AWS,BRK,GRS,HOT,DFG,FKA,VVV,TNB,PPP,PON,DGR,BYE
AWS,BRK,PON,GRS,HOT,DFG,TNB,DGR,PPP,FKA,VVV,BYE
AWS,BRK,PON,GRS,DFG,HOT,TNB,PPP,FKA,DGR,VVV,BYE
AWS,BRK,GRS,PON,HOT,DFG,FKA,TNB,PPP,VVV,DGR,BYE
AWS,BRK,GRS,HOT,DFG,TNB,PON,DGR,PPP,VVV,FKA,BYE
AWS,BRK,GRS,HOT,DFG,TNB,PON,PPP,FKA,VVV,DGR,BYE
AWS,BRK,GRS,HOT,DFG,FKA,PON,TNB,PPP,VVV,DGR,BYE
AWS,BRK,GRS,HOT,DFG,VVV,TNB,DGR,PPP,PON,FKA,BYE
AWS,BRK,GRS,HOT,DFG,VVV,TNB,PPP,PON,FKA,DGR,BYE
AWS,BRK,GRS,HOT,DFG,FKA,VVV,TNB,PPP,PON,DGR,BYE
BRK,AWS,PON,GRS,DFG,HOT,TNB,DGR,PPP,FKA,VVV,BYE
BRK,AWS,GRS,PON,DFG,HOT,TNB,PPP,FKA,DGR,VVV,BYE
BRK,AWS,GRS,PON,DFG,HOT,FKA,TNB,PPP,VVV,DGR,BYE
BRK,AWS,GRS,HOT,DFG,TNB,PON,DGR,PPP,VVV,FKA,BYE
BRK,AWS,GRS,HOT,DFG,PON,TNB,PPP,FKA,VVV,DGR,BYE
BRK,AWS,GRS,HOT,DFG,FKA,PON,TNB,PPP,VVV,DGR,BYE
BRK,AWS,GRS,HOT,DFG,VVV,TNB,DGR,PPP,PON,FKA,BYE
BRK,AWS,GRS,HOT,DFG,VVV,TNB,PPP,PON,FKA,DGR,BYE
BRK,AWS,GRS,HOT,DFG,FKA,VVV,TNB,PPP,PON,DGR,BYE
